document_path,from_index,to_index
/Users/t6w652j6ft/Documents/GitHub/workshop-agent-memory-scripts/kg/data/workshop-agent-memory_1-introduction_1-installation-and-configuration.pdf,0,1
/Users/t6w652j6ft/Documents/GitHub/workshop-agent-memory-scripts/kg/data/workshop-agent-memory_1-introduction_1-installation-and-configuration.pdf,1,2
/Users/t6w652j6ft/Documents/GitHub/workshop-agent-memory-scripts/kg/data/workshop-agent-memory_1-introduction_1-installation-and-configuration.pdf,2,3
/Users/t6w652j6ft/Documents/GitHub/workshop-agent-memory-scripts/kg/data/workshop-agent-memory_1-introduction_1-installation-and-configuration.pdf,3,4
/Users/t6w652j6ft/Documents/GitHub/workshop-agent-memory-scripts/kg/data/workshop-agent-memory_1-introduction_1-installation-and-configuration.pdf,4,5
/Users/t6w652j6ft/Documents/GitHub/workshop-agent-memory-scripts/kg/data/workshop-agent-memory_1-introduction_1-installation-and-configuration.pdf,5,6
/Users/t6w652j6ft/Documents/GitHub/workshop-agent-memory-scripts/kg/data/workshop-agent-memory_1-introduction_1-installation-and-configuration.pdf,6,7
/Users/t6w652j6ft/Documents/GitHub/workshop-agent-memory-scripts/kg/data/workshop-agent-memory_1-introduction_2-the-agent-you-built.pdf,0,1
/Users/t6w652j6ft/Documents/GitHub/workshop-agent-memory-scripts/kg/data/workshop-agent-memory_1-introduction_2-the-agent-you-built.pdf,1,2
/Users/t6w652j6ft/Documents/GitHub/workshop-agent-memory-scripts/kg/data/workshop-agent-memory_1-introduction_2-the-agent-you-built.pdf,2,3
/Users/t6w652j6ft/Documents/GitHub/workshop-agent-memory-scripts/kg/data/workshop-agent-memory_1-introduction_2-the-agent-you-built.pdf,3,4
/Users/t6w652j6ft/Documents/GitHub/workshop-agent-memory-scripts/kg/data/workshop-agent-memory_1-introduction_2-the-agent-you-built.pdf,4,5
/Users/t6w652j6ft/Documents/GitHub/workshop-agent-memory-scripts/kg/data/workshop-agent-memory_1-introduction_2-the-agent-you-built.pdf,5,6
/Users/t6w652j6ft/Documents/GitHub/workshop-agent-memory-scripts/kg/data/workshop-agent-memory_1-introduction_2-the-agent-you-built.pdf,6,7
/Users/t6w652j6ft/Documents/GitHub/workshop-agent-memory-scripts/kg/data/workshop-agent-memory_1-introduction_2-the-agent-you-built.pdf,7,8
/Users/t6w652j6ft/Documents/GitHub/workshop-agent-memory-scripts/kg/data/workshop-agent-memory_1-introduction_2-the-agent-you-built.pdf,8,9
/Users/t6w652j6ft/Documents/GitHub/workshop-agent-memory-scripts/kg/data/workshop-agent-memory_1-introduction_2-the-agent-you-built.pdf,9,10
/Users/t6w652j6ft/Documents/GitHub/workshop-agent-memory-scripts/kg/data/workshop-agent-memory_1-introduction_2-the-agent-you-built.pdf,10,11
/Users/t6w652j6ft/Documents/GitHub/workshop-agent-memory-scripts/kg/data/workshop-agent-memory_1-introduction_2-the-agent-you-built.pdf,11,12
/Users/t6w652j6ft/Documents/GitHub/workshop-agent-memory-scripts/kg/data/workshop-agent-memory_1-introduction_2-the-agent-you-built.pdf,12,13
/Users/t6w652j6ft/Documents/GitHub/workshop-agent-memory-scripts/kg/data/workshop-agent-memory_1-introduction_2-the-agent-you-built.pdf,13,14
/Users/t6w652j6ft/Documents/GitHub/workshop-agent-memory-scripts/kg/data/workshop-agent-memory_1-introduction_2-the-agent-you-built.pdf,14,15
/Users/t6w652j6ft/Documents/GitHub/workshop-agent-memory-scripts/kg/data/workshop-agent-memory_1-introduction_2-the-agent-you-built.pdf,15,16
/Users/t6w652j6ft/Documents/GitHub/workshop-agent-memory-scripts/kg/data/workshop-agent-memory_1-introduction_3-an-agent-that-forgets.pdf,0,1
/Users/t6w652j6ft/Documents/GitHub/workshop-agent-memory-scripts/kg/data/workshop-agent-memory_1-introduction_3-an-agent-that-forgets.pdf,1,2
/Users/t6w652j6ft/Documents/GitHub/workshop-agent-memory-scripts/kg/data/workshop-agent-memory_1-introduction_3-an-agent-that-forgets.pdf,2,3
/Users/t6w652j6ft/Documents/GitHub/workshop-agent-memory-scripts/kg/data/workshop-agent-memory_1-introduction_3-an-agent-that-forgets.pdf,3,4
/Users/t6w652j6ft/Documents/GitHub/workshop-agent-memory-scripts/kg/data/workshop-agent-memory_1-introduction_3-an-agent-that-forgets.pdf,4,5
/Users/t6w652j6ft/Documents/GitHub/workshop-agent-memory-scripts/kg/data/workshop-agent-memory_1-introduction_3-an-agent-that-forgets.pdf,5,6
/Users/t6w652j6ft/Documents/GitHub/workshop-agent-memory-scripts/kg/data/workshop-agent-memory_1-introduction_4-the-same-agent-with-memory.pdf,0,1
/Users/t6w652j6ft/Documents/GitHub/workshop-agent-memory-scripts/kg/data/workshop-agent-memory_1-introduction_4-the-same-agent-with-memory.pdf,1,2
/Users/t6w652j6ft/Documents/GitHub/workshop-agent-memory-scripts/kg/data/workshop-agent-memory_1-introduction_4-the-same-agent-with-memory.pdf,2,3
/Users/t6w652j6ft/Documents/GitHub/workshop-agent-memory-scripts/kg/data/workshop-agent-memory_1-introduction_4-the-same-agent-with-memory.pdf,3,4
/Users/t6w652j6ft/Documents/GitHub/workshop-agent-memory-scripts/kg/data/workshop-agent-memory_1-introduction_4-the-same-agent-with-memory.pdf,4,5
/Users/t6w652j6ft/Documents/GitHub/workshop-agent-memory-scripts/kg/data/workshop-agent-memory_1-introduction_4-the-same-agent-with-memory.pdf,5,6
/Users/t6w652j6ft/Documents/GitHub/workshop-agent-memory-scripts/kg/data/workshop-agent-memory_1-introduction_4-the-same-agent-with-memory.pdf,6,7
/Users/t6w652j6ft/Documents/GitHub/workshop-agent-memory-scripts/kg/data/workshop-agent-memory_1-introduction_4-the-same-agent-with-memory.pdf,7,8
/Users/t6w652j6ft/Documents/GitHub/workshop-agent-memory-scripts/kg/data/workshop-agent-memory_1-introduction_4-the-same-agent-with-memory.pdf,8,9
/Users/t6w652j6ft/Documents/GitHub/workshop-agent-memory-scripts/kg/data/workshop-agent-memory_1-introduction_4-the-same-agent-with-memory.pdf,9,10
/Users/t6w652j6ft/Documents/GitHub/workshop-agent-memory-scripts/kg/data/workshop-agent-memory_1-introduction_4-the-same-agent-with-memory.pdf,10,11
/Users/t6w652j6ft/Documents/GitHub/workshop-agent-memory-scripts/kg/data/workshop-agent-memory_1-introduction_4-the-same-agent-with-memory.pdf,11,12
/Users/t6w652j6ft/Documents/GitHub/workshop-agent-memory-scripts/kg/data/workshop-agent-memory_2-short-term-memory_1-configure-the-memory-client.pdf,0,1
/Users/t6w652j6ft/Documents/GitHub/workshop-agent-memory-scripts/kg/data/workshop-agent-memory_2-short-term-memory_1-configure-the-memory-client.pdf,1,2
/Users/t6w652j6ft/Documents/GitHub/workshop-agent-memory-scripts/kg/data/workshop-agent-memory_2-short-term-memory_1-configure-the-memory-client.pdf,2,3
/Users/t6w652j6ft/Documents/GitHub/workshop-agent-memory-scripts/kg/data/workshop-agent-memory_2-short-term-memory_1-configure-the-memory-client.pdf,3,4
/Users/t6w652j6ft/Documents/GitHub/workshop-agent-memory-scripts/kg/data/workshop-agent-memory_2-short-term-memory_1-configure-the-memory-client.pdf,4,5
/Users/t6w652j6ft/Documents/GitHub/workshop-agent-memory-scripts/kg/data/workshop-agent-memory_2-short-term-memory_1-configure-the-memory-client.pdf,5,6
/Users/t6w652j6ft/Documents/GitHub/workshop-agent-memory-scripts/kg/data/workshop-agent-memory_2-short-term-memory_1-configure-the-memory-client.pdf,6,7
/Users/t6w652j6ft/Documents/GitHub/workshop-agent-memory-scripts/kg/data/workshop-agent-memory_2-short-term-memory_1-configure-the-memory-client.pdf,7,8
/Users/t6w652j6ft/Documents/GitHub/workshop-agent-memory-scripts/kg/data/workshop-agent-memory_2-short-term-memory_1-configure-the-memory-client.pdf,8,9
/Users/t6w652j6ft/Documents/GitHub/workshop-agent-memory-scripts/kg/data/workshop-agent-memory_2-short-term-memory_1-configure-the-memory-client.pdf,9,10
/Users/t6w652j6ft/Documents/GitHub/workshop-agent-memory-scripts/kg/data/workshop-agent-memory_2-short-term-memory_1-configure-the-memory-client.pdf,10,11
/Users/t6w652j6ft/Documents/GitHub/workshop-agent-memory-scripts/kg/data/workshop-agent-memory_2-short-term-memory_1-configure-the-memory-client.pdf,11,12
/Users/t6w652j6ft/Documents/GitHub/workshop-agent-memory-scripts/kg/data/workshop-agent-memory_2-short-term-memory_1-configure-the-memory-client.pdf,12,13
/Users/t6w652j6ft/Documents/GitHub/workshop-agent-memory-scripts/kg/data/workshop-agent-memory_2-short-term-memory_1-configure-the-memory-client.pdf,13,14
/Users/t6w652j6ft/Documents/GitHub/workshop-agent-memory-scripts/kg/data/workshop-agent-memory_2-short-term-memory_1-configure-the-memory-client.pdf,14,15
/Users/t6w652j6ft/Documents/GitHub/workshop-agent-memory-scripts/kg/data/workshop-agent-memory_2-short-term-memory_1-configure-the-memory-client.pdf,15,16
/Users/t6w652j6ft/Documents/GitHub/workshop-agent-memory-scripts/kg/data/workshop-agent-memory_2-short-term-memory_1-configure-the-memory-client.pdf,16,17
/Users/t6w652j6ft/Documents/GitHub/workshop-agent-memory-scripts/kg/data/workshop-agent-memory_2-short-term-memory_1-configure-the-memory-client.pdf,17,18
/Users/t6w652j6ft/Documents/GitHub/workshop-agent-memory-scripts/kg/data/workshop-agent-memory_2-short-term-memory_2-add-short-term-memory-to-your-agent.pdf,0,1
/Users/t6w652j6ft/Documents/GitHub/workshop-agent-memory-scripts/kg/data/workshop-agent-memory_2-short-term-memory_2-add-short-term-memory-to-your-agent.pdf,1,2
/Users/t6w652j6ft/Documents/GitHub/workshop-agent-memory-scripts/kg/data/workshop-agent-memory_2-short-term-memory_2-add-short-term-memory-to-your-agent.pdf,2,3
/Users/t6w652j6ft/Documents/GitHub/workshop-agent-memory-scripts/kg/data/workshop-agent-memory_2-short-term-memory_2-add-short-term-memory-to-your-agent.pdf,3,4
/Users/t6w652j6ft/Documents/GitHub/workshop-agent-memory-scripts/kg/data/workshop-agent-memory_2-short-term-memory_2-add-short-term-memory-to-your-agent.pdf,4,5
/Users/t6w652j6ft/Documents/GitHub/workshop-agent-memory-scripts/kg/data/workshop-agent-memory_2-short-term-memory_2-add-short-term-memory-to-your-agent.pdf,5,6
/Users/t6w652j6ft/Documents/GitHub/workshop-agent-memory-scripts/kg/data/workshop-agent-memory_2-short-term-memory_2-add-short-term-memory-to-your-agent.pdf,6,7
/Users/t6w652j6ft/Documents/GitHub/workshop-agent-memory-scripts/kg/data/workshop-agent-memory_2-short-term-memory_2-add-short-term-memory-to-your-agent.pdf,7,8
/Users/t6w652j6ft/Documents/GitHub/workshop-agent-memory-scripts/kg/data/workshop-agent-memory_2-short-term-memory_2-add-short-term-memory-to-your-agent.pdf,8,9
/Users/t6w652j6ft/Documents/GitHub/workshop-agent-memory-scripts/kg/data/workshop-agent-memory_2-short-term-memory_2-add-short-term-memory-to-your-agent.pdf,9,10
/Users/t6w652j6ft/Documents/GitHub/workshop-agent-memory-scripts/kg/data/workshop-agent-memory_2-short-term-memory_2-add-short-term-memory-to-your-agent.pdf,10,11
/Users/t6w652j6ft/Documents/GitHub/workshop-agent-memory-scripts/kg/data/workshop-agent-memory_2-short-term-memory_2-add-short-term-memory-to-your-agent.pdf,11,12
/Users/t6w652j6ft/Documents/GitHub/workshop-agent-memory-scripts/kg/data/workshop-agent-memory_2-short-term-memory_2-add-short-term-memory-to-your-agent.pdf,12,13
/Users/t6w652j6ft/Documents/GitHub/workshop-agent-memory-scripts/kg/data/workshop-agent-memory_2-short-term-memory_2-add-short-term-memory-to-your-agent.pdf,13,14
/Users/t6w652j6ft/Documents/GitHub/workshop-agent-memory-scripts/kg/data/workshop-agent-memory_2-short-term-memory_2-add-short-term-memory-to-your-agent.pdf,14,15
/Users/t6w652j6ft/Documents/GitHub/workshop-agent-memory-scripts/kg/data/workshop-agent-memory_2-short-term-memory_2-add-short-term-memory-to-your-agent.pdf,15,16
/Users/t6w652j6ft/Documents/GitHub/workshop-agent-memory-scripts/kg/data/workshop-agent-memory_2-short-term-memory_2-add-short-term-memory-to-your-agent.pdf,16,17
/Users/t6w652j6ft/Documents/GitHub/workshop-agent-memory-scripts/kg/data/workshop-agent-memory_2-short-term-memory_2-add-short-term-memory-to-your-agent.pdf,17,18
/Users/t6w652j6ft/Documents/GitHub/workshop-agent-memory-scripts/kg/data/workshop-agent-memory_2-short-term-memory_2-add-short-term-memory-to-your-agent.pdf,18,19
/Users/t6w652j6ft/Documents/GitHub/workshop-agent-memory-scripts/kg/data/workshop-agent-memory_2-short-term-memory_2-add-short-term-memory-to-your-agent.pdf,19,20
/Users/t6w652j6ft/Documents/GitHub/workshop-agent-memory-scripts/kg/data/workshop-agent-memory_2-short-term-memory_3-the-short-term-memory-api.pdf,0,1
/Users/t6w652j6ft/Documents/GitHub/workshop-agent-memory-scripts/kg/data/workshop-agent-memory_2-short-term-memory_3-the-short-term-memory-api.pdf,1,2
/Users/t6w652j6ft/Documents/GitHub/workshop-agent-memory-scripts/kg/data/workshop-agent-memory_2-short-term-memory_3-the-short-term-memory-api.pdf,2,3
/Users/t6w652j6ft/Documents/GitHub/workshop-agent-memory-scripts/kg/data/workshop-agent-memory_2-short-term-memory_3-the-short-term-memory-api.pdf,3,4
/Users/t6w652j6ft/Documents/GitHub/workshop-agent-memory-scripts/kg/data/workshop-agent-memory_2-short-term-memory_3-the-short-term-memory-api.pdf,4,5
/Users/t6w652j6ft/Documents/GitHub/workshop-agent-memory-scripts/kg/data/workshop-agent-memory_2-short-term-memory_3-the-short-term-memory-api.pdf,5,6
/Users/t6w652j6ft/Documents/GitHub/workshop-agent-memory-scripts/kg/data/workshop-agent-memory_2-short-term-memory_3-the-short-term-memory-api.pdf,6,7
/Users/t6w652j6ft/Documents/GitHub/workshop-agent-memory-scripts/kg/data/workshop-agent-memory_2-short-term-memory_3-the-short-term-memory-api.pdf,7,8
/Users/t6w652j6ft/Documents/GitHub/workshop-agent-memory-scripts/kg/data/workshop-agent-memory_2-short-term-memory_3-the-short-term-memory-api.pdf,8,9
/Users/t6w652j6ft/Documents/GitHub/workshop-agent-memory-scripts/kg/data/workshop-agent-memory_2-short-term-memory_3-the-short-term-memory-api.pdf,9,10
/Users/t6w652j6ft/Documents/GitHub/workshop-agent-memory-scripts/kg/data/workshop-agent-memory_2-short-term-memory_3-the-short-term-memory-api.pdf,10,11
/Users/t6w652j6ft/Documents/GitHub/workshop-agent-memory-scripts/kg/data/workshop-agent-memory_2-short-term-memory_3-the-short-term-memory-api.pdf,11,12
/Users/t6w652j6ft/Documents/GitHub/workshop-agent-memory-scripts/kg/data/workshop-agent-memory_2-short-term-memory_3-the-short-term-memory-api.pdf,12,13
/Users/t6w652j6ft/Documents/GitHub/workshop-agent-memory-scripts/kg/data/workshop-agent-memory_2-short-term-memory_3-the-short-term-memory-api.pdf,13,14
/Users/t6w652j6ft/Documents/GitHub/workshop-agent-memory-scripts/kg/data/workshop-agent-memory_2-short-term-memory_3-the-short-term-memory-api.pdf,14,15
/Users/t6w652j6ft/Documents/GitHub/workshop-agent-memory-scripts/kg/data/workshop-agent-memory_2-short-term-memory_3-the-short-term-memory-api.pdf,15,16
/Users/t6w652j6ft/Documents/GitHub/workshop-agent-memory-scripts/kg/data/workshop-agent-memory_2-short-term-memory_3-the-short-term-memory-api.pdf,16,17
/Users/t6w652j6ft/Documents/GitHub/workshop-agent-memory-scripts/kg/data/workshop-agent-memory_2-short-term-memory_3-the-short-term-memory-api.pdf,17,18
/Users/t6w652j6ft/Documents/GitHub/workshop-agent-memory-scripts/kg/data/workshop-agent-memory_2-short-term-memory_3-the-short-term-memory-api.pdf,18,19
/Users/t6w652j6ft/Documents/GitHub/workshop-agent-memory-scripts/kg/data/workshop-agent-memory_2-short-term-memory_3-the-short-term-memory-api.pdf,19,20
/Users/t6w652j6ft/Documents/GitHub/workshop-agent-memory-scripts/kg/data/workshop-agent-memory_2-short-term-memory_3-the-short-term-memory-api.pdf,20,21
/Users/t6w652j6ft/Documents/GitHub/workshop-agent-memory-scripts/kg/data/workshop-agent-memory_2-short-term-memory_3-the-short-term-memory-api.pdf,21,22
/Users/t6w652j6ft/Documents/GitHub/workshop-agent-memory-scripts/kg/data/workshop-agent-memory_2-short-term-memory_3-the-short-term-memory-api.pdf,22,23
/Users/t6w652j6ft/Documents/GitHub/workshop-agent-memory-scripts/kg/data/workshop-agent-memory_2-short-term-memory_3-the-short-term-memory-api.pdf,23,24
/Users/t6w652j6ft/Documents/GitHub/workshop-agent-memory-scripts/kg/data/workshop-agent-memory_2-short-term-memory_3-the-short-term-memory-api.pdf,24,25
/Users/t6w652j6ft/Documents/GitHub/workshop-agent-memory-scripts/kg/data/workshop-agent-memory_2-short-term-memory_3-the-short-term-memory-api.pdf,25,26
/Users/t6w652j6ft/Documents/GitHub/workshop-agent-memory-scripts/kg/data/workshop-agent-memory_2-short-term-memory_3-the-short-term-memory-api.pdf,26,27
/Users/t6w652j6ft/Documents/GitHub/workshop-agent-memory-scripts/kg/data/workshop-agent-memory_2-short-term-memory_3-the-short-term-memory-api.pdf,27,28
/Users/t6w652j6ft/Documents/GitHub/workshop-agent-memory-scripts/kg/data/workshop-agent-memory_2-short-term-memory_3-the-short-term-memory-api.pdf,28,29
/Users/t6w652j6ft/Documents/GitHub/workshop-agent-memory-scripts/kg/data/workshop-agent-memory_2-short-term-memory_3-the-short-term-memory-api.pdf,29,30
/Users/t6w652j6ft/Documents/GitHub/workshop-agent-memory-scripts/kg/data/workshop-agent-memory_2-short-term-memory_3-the-short-term-memory-api.pdf,30,31
/Users/t6w652j6ft/Documents/GitHub/workshop-agent-memory-scripts/kg/data/workshop-agent-memory_2-short-term-memory_3-the-short-term-memory-api.pdf,31,32
/Users/t6w652j6ft/Documents/GitHub/workshop-agent-memory-scripts/kg/data/workshop-agent-memory_2-short-term-memory_3-the-short-term-memory-api.pdf,32,33
/Users/t6w652j6ft/Documents/GitHub/workshop-agent-memory-scripts/kg/data/workshop-agent-memory_2-short-term-memory_3-the-short-term-memory-api.pdf,33,34
/Users/t6w652j6ft/Documents/GitHub/workshop-agent-memory-scripts/kg/data/workshop-agent-memory_2-short-term-memory_3-the-short-term-memory-api.pdf,34,35
/Users/t6w652j6ft/Documents/GitHub/workshop-agent-memory-scripts/kg/data/workshop-agent-memory_2-short-term-memory_3-the-short-term-memory-api.pdf,35,36
/Users/t6w652j6ft/Documents/GitHub/workshop-agent-memory-scripts/kg/data/workshop-agent-memory_2-short-term-memory_3-the-short-term-memory-api.pdf,36,37
/Users/t6w652j6ft/Documents/GitHub/workshop-agent-memory-scripts/kg/data/workshop-agent-memory_2-short-term-memory_3-the-short-term-memory-api.pdf,37,38
/Users/t6w652j6ft/Documents/GitHub/workshop-agent-memory-scripts/kg/data/workshop-agent-memory_2-short-term-memory_3-the-short-term-memory-api.pdf,38,39
/Users/t6w652j6ft/Documents/GitHub/workshop-agent-memory-scripts/kg/data/workshop-agent-memory_2-short-term-memory_3-the-short-term-memory-api.pdf,39,40
/Users/t6w652j6ft/Documents/GitHub/workshop-agent-memory-scripts/kg/data/workshop-agent-memory_3-long-term-memory_1-add-long-term-memory-to-your-agent.pdf,0,1
/Users/t6w652j6ft/Documents/GitHub/workshop-agent-memory-scripts/kg/data/workshop-agent-memory_3-long-term-memory_1-add-long-term-memory-to-your-agent.pdf,1,2
/Users/t6w652j6ft/Documents/GitHub/workshop-agent-memory-scripts/kg/data/workshop-agent-memory_3-long-term-memory_1-add-long-term-memory-to-your-agent.pdf,2,3
/Users/t6w652j6ft/Documents/GitHub/workshop-agent-memory-scripts/kg/data/workshop-agent-memory_3-long-term-memory_1-add-long-term-memory-to-your-agent.pdf,3,4
/Users/t6w652j6ft/Documents/GitHub/workshop-agent-memory-scripts/kg/data/workshop-agent-memory_3-long-term-memory_1-add-long-term-memory-to-your-agent.pdf,4,5
/Users/t6w652j6ft/Documents/GitHub/workshop-agent-memory-scripts/kg/data/workshop-agent-memory_3-long-term-memory_1-add-long-term-memory-to-your-agent.pdf,5,6
/Users/t6w652j6ft/Documents/GitHub/workshop-agent-memory-scripts/kg/data/workshop-agent-memory_3-long-term-memory_1-add-long-term-memory-to-your-agent.pdf,6,7
/Users/t6w652j6ft/Documents/GitHub/workshop-agent-memory-scripts/kg/data/workshop-agent-memory_3-long-term-memory_1-add-long-term-memory-to-your-agent.pdf,7,8
/Users/t6w652j6ft/Documents/GitHub/workshop-agent-memory-scripts/kg/data/workshop-agent-memory_3-long-term-memory_1-add-long-term-memory-to-your-agent.pdf,8,9
/Users/t6w652j6ft/Documents/GitHub/workshop-agent-memory-scripts/kg/data/workshop-agent-memory_3-long-term-memory_1-add-long-term-memory-to-your-agent.pdf,9,10
/Users/t6w652j6ft/Documents/GitHub/workshop-agent-memory-scripts/kg/data/workshop-agent-memory_3-long-term-memory_1-add-long-term-memory-to-your-agent.pdf,10,11
/Users/t6w652j6ft/Documents/GitHub/workshop-agent-memory-scripts/kg/data/workshop-agent-memory_3-long-term-memory_1-add-long-term-memory-to-your-agent.pdf,11,12
/Users/t6w652j6ft/Documents/GitHub/workshop-agent-memory-scripts/kg/data/workshop-agent-memory_3-long-term-memory_1-add-long-term-memory-to-your-agent.pdf,12,13
/Users/t6w652j6ft/Documents/GitHub/workshop-agent-memory-scripts/kg/data/workshop-agent-memory_3-long-term-memory_1-add-long-term-memory-to-your-agent.pdf,13,14
/Users/t6w652j6ft/Documents/GitHub/workshop-agent-memory-scripts/kg/data/workshop-agent-memory_3-long-term-memory_1-add-long-term-memory-to-your-agent.pdf,14,15
/Users/t6w652j6ft/Documents/GitHub/workshop-agent-memory-scripts/kg/data/workshop-agent-memory_3-long-term-memory_1-add-long-term-memory-to-your-agent.pdf,15,16
/Users/t6w652j6ft/Documents/GitHub/workshop-agent-memory-scripts/kg/data/workshop-agent-memory_3-long-term-memory_1-add-long-term-memory-to-your-agent.pdf,16,17
/Users/t6w652j6ft/Documents/GitHub/workshop-agent-memory-scripts/kg/data/workshop-agent-memory_3-long-term-memory_1-add-long-term-memory-to-your-agent.pdf,17,18
/Users/t6w652j6ft/Documents/GitHub/workshop-agent-memory-scripts/kg/data/workshop-agent-memory_3-long-term-memory_1-add-long-term-memory-to-your-agent.pdf,18,19
/Users/t6w652j6ft/Documents/GitHub/workshop-agent-memory-scripts/kg/data/workshop-agent-memory_3-long-term-memory_1-add-long-term-memory-to-your-agent.pdf,19,20
/Users/t6w652j6ft/Documents/GitHub/workshop-agent-memory-scripts/kg/data/workshop-agent-memory_3-long-term-memory_2-entities-and-relationships.pdf,0,1
/Users/t6w652j6ft/Documents/GitHub/workshop-agent-memory-scripts/kg/data/workshop-agent-memory_3-long-term-memory_2-entities-and-relationships.pdf,1,2
/Users/t6w652j6ft/Documents/GitHub/workshop-agent-memory-scripts/kg/data/workshop-agent-memory_3-long-term-memory_2-entities-and-relationships.pdf,2,3
/Users/t6w652j6ft/Documents/GitHub/workshop-agent-memory-scripts/kg/data/workshop-agent-memory_3-long-term-memory_2-entities-and-relationships.pdf,3,4
/Users/t6w652j6ft/Documents/GitHub/workshop-agent-memory-scripts/kg/data/workshop-agent-memory_3-long-term-memory_2-entities-and-relationships.pdf,4,5
/Users/t6w652j6ft/Documents/GitHub/workshop-agent-memory-scripts/kg/data/workshop-agent-memory_3-long-term-memory_2-entities-and-relationships.pdf,5,6
/Users/t6w652j6ft/Documents/GitHub/workshop-agent-memory-scripts/kg/data/workshop-agent-memory_3-long-term-memory_2-entities-and-relationships.pdf,6,7
/Users/t6w652j6ft/Documents/GitHub/workshop-agent-memory-scripts/kg/data/workshop-agent-memory_3-long-term-memory_2-entities-and-relationships.pdf,7,8
/Users/t6w652j6ft/Documents/GitHub/workshop-agent-memory-scripts/kg/data/workshop-agent-memory_3-long-term-memory_2-entities-and-relationships.pdf,8,9
/Users/t6w652j6ft/Documents/GitHub/workshop-agent-memory-scripts/kg/data/workshop-agent-memory_3-long-term-memory_2-entities-and-relationships.pdf,9,10
/Users/t6w652j6ft/Documents/GitHub/workshop-agent-memory-scripts/kg/data/workshop-agent-memory_3-long-term-memory_2-entities-and-relationships.pdf,10,11
/Users/t6w652j6ft/Documents/GitHub/workshop-agent-memory-scripts/kg/data/workshop-agent-memory_3-long-term-memory_2-entities-and-relationships.pdf,11,12
/Users/t6w652j6ft/Documents/GitHub/workshop-agent-memory-scripts/kg/data/workshop-agent-memory_3-long-term-memory_2-entities-and-relationships.pdf,12,13
/Users/t6w652j6ft/Documents/GitHub/workshop-agent-memory-scripts/kg/data/workshop-agent-memory_3-long-term-memory_2-entities-and-relationships.pdf,13,14
/Users/t6w652j6ft/Documents/GitHub/workshop-agent-memory-scripts/kg/data/workshop-agent-memory_3-long-term-memory_2-entities-and-relationships.pdf,14,15
/Users/t6w652j6ft/Documents/GitHub/workshop-agent-memory-scripts/kg/data/workshop-agent-memory_3-long-term-memory_2-entities-and-relationships.pdf,15,16
/Users/t6w652j6ft/Documents/GitHub/workshop-agent-memory-scripts/kg/data/workshop-agent-memory_3-long-term-memory_2-entities-and-relationships.pdf,16,17
/Users/t6w652j6ft/Documents/GitHub/workshop-agent-memory-scripts/kg/data/workshop-agent-memory_3-long-term-memory_2-entities-and-relationships.pdf,17,18
/Users/t6w652j6ft/Documents/GitHub/workshop-agent-memory-scripts/kg/data/workshop-agent-memory_3-long-term-memory_2-entities-and-relationships.pdf,18,19
/Users/t6w652j6ft/Documents/GitHub/workshop-agent-memory-scripts/kg/data/workshop-agent-memory_3-long-term-memory_2-entities-and-relationships.pdf,19,20
/Users/t6w652j6ft/Documents/GitHub/workshop-agent-memory-scripts/kg/data/workshop-agent-memory_3-long-term-memory_2-entities-and-relationships.pdf,20,21
/Users/t6w652j6ft/Documents/GitHub/workshop-agent-memory-scripts/kg/data/workshop-agent-memory_3-long-term-memory_2-entities-and-relationships.pdf,21,22
/Users/t6w652j6ft/Documents/GitHub/workshop-agent-memory-scripts/kg/data/workshop-agent-memory_3-long-term-memory_2-entities-and-relationships.pdf,22,23
/Users/t6w652j6ft/Documents/GitHub/workshop-agent-memory-scripts/kg/data/workshop-agent-memory_3-long-term-memory_2-entities-and-relationships.pdf,23,24
/Users/t6w652j6ft/Documents/GitHub/workshop-agent-memory-scripts/kg/data/workshop-agent-memory_3-long-term-memory_2-entities-and-relationships.pdf,24,25
/Users/t6w652j6ft/Documents/GitHub/workshop-agent-memory-scripts/kg/data/workshop-agent-memory_3-long-term-memory_2-entities-and-relationships.pdf,25,26
/Users/t6w652j6ft/Documents/GitHub/workshop-agent-memory-scripts/kg/data/workshop-agent-memory_3-long-term-memory_2-entities-and-relationships.pdf,26,27
/Users/t6w652j6ft/Documents/GitHub/workshop-agent-memory-scripts/kg/data/workshop-agent-memory_3-long-term-memory_2-entities-and-relationships.pdf,27,28
/Users/t6w652j6ft/Documents/GitHub/workshop-agent-memory-scripts/kg/data/workshop-agent-memory_3-long-term-memory_2-entities-and-relationships.pdf,28,29
/Users/t6w652j6ft/Documents/GitHub/workshop-agent-memory-scripts/kg/data/workshop-agent-memory_3-long-term-memory_2-entities-and-relationships.pdf,29,30
/Users/t6w652j6ft/Documents/GitHub/workshop-agent-memory-scripts/kg/data/workshop-agent-memory_3-long-term-memory_2-entities-and-relationships.pdf,30,31
/Users/t6w652j6ft/Documents/GitHub/workshop-agent-memory-scripts/kg/data/workshop-agent-memory_3-long-term-memory_2-entities-and-relationships.pdf,31,32
/Users/t6w652j6ft/Documents/GitHub/workshop-agent-memory-scripts/kg/data/workshop-agent-memory_3-long-term-memory_3-deduplication.pdf,0,1
/Users/t6w652j6ft/Documents/GitHub/workshop-agent-memory-scripts/kg/data/workshop-agent-memory_3-long-term-memory_3-deduplication.pdf,1,2
/Users/t6w652j6ft/Documents/GitHub/workshop-agent-memory-scripts/kg/data/workshop-agent-memory_3-long-term-memory_3-deduplication.pdf,2,3
/Users/t6w652j6ft/Documents/GitHub/workshop-agent-memory-scripts/kg/data/workshop-agent-memory_3-long-term-memory_3-deduplication.pdf,3,4
/Users/t6w652j6ft/Documents/GitHub/workshop-agent-memory-scripts/kg/data/workshop-agent-memory_3-long-term-memory_3-deduplication.pdf,4,5
/Users/t6w652j6ft/Documents/GitHub/workshop-agent-memory-scripts/kg/data/workshop-agent-memory_3-long-term-memory_3-deduplication.pdf,5,6
/Users/t6w652j6ft/Documents/GitHub/workshop-agent-memory-scripts/kg/data/workshop-agent-memory_3-long-term-memory_3-deduplication.pdf,6,7
/Users/t6w652j6ft/Documents/GitHub/workshop-agent-memory-scripts/kg/data/workshop-agent-memory_3-long-term-memory_3-deduplication.pdf,7,8
/Users/t6w652j6ft/Documents/GitHub/workshop-agent-memory-scripts/kg/data/workshop-agent-memory_3-long-term-memory_3-deduplication.pdf,8,9
/Users/t6w652j6ft/Documents/GitHub/workshop-agent-memory-scripts/kg/data/workshop-agent-memory_3-long-term-memory_3-deduplication.pdf,9,10
/Users/t6w652j6ft/Documents/GitHub/workshop-agent-memory-scripts/kg/data/workshop-agent-memory_3-long-term-memory_3-deduplication.pdf,10,11
/Users/t6w652j6ft/Documents/GitHub/workshop-agent-memory-scripts/kg/data/workshop-agent-memory_3-long-term-memory_4-choosing-your-extractor.pdf,0,1
/Users/t6w652j6ft/Documents/GitHub/workshop-agent-memory-scripts/kg/data/workshop-agent-memory_3-long-term-memory_4-choosing-your-extractor.pdf,1,2
/Users/t6w652j6ft/Documents/GitHub/workshop-agent-memory-scripts/kg/data/workshop-agent-memory_3-long-term-memory_4-choosing-your-extractor.pdf,2,3
/Users/t6w652j6ft/Documents/GitHub/workshop-agent-memory-scripts/kg/data/workshop-agent-memory_3-long-term-memory_4-choosing-your-extractor.pdf,3,4
/Users/t6w652j6ft/Documents/GitHub/workshop-agent-memory-scripts/kg/data/workshop-agent-memory_3-long-term-memory_4-choosing-your-extractor.pdf,4,5
/Users/t6w652j6ft/Documents/GitHub/workshop-agent-memory-scripts/kg/data/workshop-agent-memory_3-long-term-memory_4-choosing-your-extractor.pdf,5,6
/Users/t6w652j6ft/Documents/GitHub/workshop-agent-memory-scripts/kg/data/workshop-agent-memory_3-long-term-memory_4-choosing-your-extractor.pdf,6,7
/Users/t6w652j6ft/Documents/GitHub/workshop-agent-memory-scripts/kg/data/workshop-agent-memory_3-long-term-memory_4-choosing-your-extractor.pdf,7,8
/Users/t6w652j6ft/Documents/GitHub/workshop-agent-memory-scripts/kg/data/workshop-agent-memory_3-long-term-memory_4-choosing-your-extractor.pdf,8,9
/Users/t6w652j6ft/Documents/GitHub/workshop-agent-memory-scripts/kg/data/workshop-agent-memory_3-long-term-memory_4-choosing-your-extractor.pdf,9,10
/Users/t6w652j6ft/Documents/GitHub/workshop-agent-memory-scripts/kg/data/workshop-agent-memory_3-long-term-memory_4-choosing-your-extractor.pdf,10,11
/Users/t6w652j6ft/Documents/GitHub/workshop-agent-memory-scripts/kg/data/workshop-agent-memory_3-long-term-memory_4-choosing-your-extractor.pdf,11,12
/Users/t6w652j6ft/Documents/GitHub/workshop-agent-memory-scripts/kg/data/workshop-agent-memory_3-long-term-memory_4-choosing-your-extractor.pdf,12,13
/Users/t6w652j6ft/Documents/GitHub/workshop-agent-memory-scripts/kg/data/workshop-agent-memory_3-long-term-memory_4-choosing-your-extractor.pdf,13,14
/Users/t6w652j6ft/Documents/GitHub/workshop-agent-memory-scripts/kg/data/workshop-agent-memory_3-long-term-memory_4-choosing-your-extractor.pdf,14,15
/Users/t6w652j6ft/Documents/GitHub/workshop-agent-memory-scripts/kg/data/workshop-agent-memory_3-long-term-memory_4-choosing-your-extractor.pdf,15,16
/Users/t6w652j6ft/Documents/GitHub/workshop-agent-memory-scripts/kg/data/workshop-agent-memory_3-long-term-memory_4-choosing-your-extractor.pdf,16,17
/Users/t6w652j6ft/Documents/GitHub/workshop-agent-memory-scripts/kg/data/workshop-agent-memory_3-long-term-memory_4-choosing-your-extractor.pdf,17,18
/Users/t6w652j6ft/Documents/GitHub/workshop-agent-memory-scripts/kg/data/workshop-agent-memory_3-long-term-memory_4-choosing-your-extractor.pdf,18,19
/Users/t6w652j6ft/Documents/GitHub/workshop-agent-memory-scripts/kg/data/workshop-agent-memory_3-long-term-memory_4-choosing-your-extractor.pdf,19,20
/Users/t6w652j6ft/Documents/GitHub/workshop-agent-memory-scripts/kg/data/workshop-agent-memory_3-long-term-memory_4-choosing-your-extractor.pdf,20,21
/Users/t6w652j6ft/Documents/GitHub/workshop-agent-memory-scripts/kg/data/workshop-agent-memory_3-long-term-memory_4-choosing-your-extractor.pdf,21,22
/Users/t6w652j6ft/Documents/GitHub/workshop-agent-memory-scripts/kg/data/workshop-agent-memory_3-long-term-memory_4-choosing-your-extractor.pdf,22,23
/Users/t6w652j6ft/Documents/GitHub/workshop-agent-memory-scripts/kg/data/workshop-agent-memory_3-long-term-memory_4-choosing-your-extractor.pdf,23,24
/Users/t6w652j6ft/Documents/GitHub/workshop-agent-memory-scripts/kg/data/workshop-agent-memory_3-long-term-memory_4-choosing-your-extractor.pdf,24,25
/Users/t6w652j6ft/Documents/GitHub/workshop-agent-memory-scripts/kg/data/workshop-agent-memory_3-long-term-memory_5-facts-and-preferences.pdf,0,1
/Users/t6w652j6ft/Documents/GitHub/workshop-agent-memory-scripts/kg/data/workshop-agent-memory_3-long-term-memory_5-facts-and-preferences.pdf,1,2
/Users/t6w652j6ft/Documents/GitHub/workshop-agent-memory-scripts/kg/data/workshop-agent-memory_3-long-term-memory_5-facts-and-preferences.pdf,2,3
/Users/t6w652j6ft/Documents/GitHub/workshop-agent-memory-scripts/kg/data/workshop-agent-memory_3-long-term-memory_5-facts-and-preferences.pdf,3,4
/Users/t6w652j6ft/Documents/GitHub/workshop-agent-memory-scripts/kg/data/workshop-agent-memory_3-long-term-memory_5-facts-and-preferences.pdf,4,5
/Users/t6w652j6ft/Documents/GitHub/workshop-agent-memory-scripts/kg/data/workshop-agent-memory_3-long-term-memory_5-facts-and-preferences.pdf,5,6
/Users/t6w652j6ft/Documents/GitHub/workshop-agent-memory-scripts/kg/data/workshop-agent-memory_3-long-term-memory_5-facts-and-preferences.pdf,6,7
/Users/t6w652j6ft/Documents/GitHub/workshop-agent-memory-scripts/kg/data/workshop-agent-memory_3-long-term-memory_5-facts-and-preferences.pdf,7,8
/Users/t6w652j6ft/Documents/GitHub/workshop-agent-memory-scripts/kg/data/workshop-agent-memory_3-long-term-memory_5-facts-and-preferences.pdf,8,9
/Users/t6w652j6ft/Documents/GitHub/workshop-agent-memory-scripts/kg/data/workshop-agent-memory_3-long-term-memory_5-facts-and-preferences.pdf,9,10
/Users/t6w652j6ft/Documents/GitHub/workshop-agent-memory-scripts/kg/data/workshop-agent-memory_3-long-term-memory_5-facts-and-preferences.pdf,10,11
/Users/t6w652j6ft/Documents/GitHub/workshop-agent-memory-scripts/kg/data/workshop-agent-memory_3-long-term-memory_5-facts-and-preferences.pdf,11,12
/Users/t6w652j6ft/Documents/GitHub/workshop-agent-memory-scripts/kg/data/workshop-agent-memory_3-long-term-memory_6-facts-and-preferences-api.pdf,0,1
/Users/t6w652j6ft/Documents/GitHub/workshop-agent-memory-scripts/kg/data/workshop-agent-memory_3-long-term-memory_6-facts-and-preferences-api.pdf,1,2
/Users/t6w652j6ft/Documents/GitHub/workshop-agent-memory-scripts/kg/data/workshop-agent-memory_3-long-term-memory_6-facts-and-preferences-api.pdf,2,3
/Users/t6w652j6ft/Documents/GitHub/workshop-agent-memory-scripts/kg/data/workshop-agent-memory_3-long-term-memory_6-facts-and-preferences-api.pdf,3,4
/Users/t6w652j6ft/Documents/GitHub/workshop-agent-memory-scripts/kg/data/workshop-agent-memory_3-long-term-memory_6-facts-and-preferences-api.pdf,4,5
/Users/t6w652j6ft/Documents/GitHub/workshop-agent-memory-scripts/kg/data/workshop-agent-memory_3-long-term-memory_6-facts-and-preferences-api.pdf,5,6
/Users/t6w652j6ft/Documents/GitHub/workshop-agent-memory-scripts/kg/data/workshop-agent-memory_3-long-term-memory_6-facts-and-preferences-api.pdf,6,7
/Users/t6w652j6ft/Documents/GitHub/workshop-agent-memory-scripts/kg/data/workshop-agent-memory_3-long-term-memory_6-facts-and-preferences-api.pdf,7,8
/Users/t6w652j6ft/Documents/GitHub/workshop-agent-memory-scripts/kg/data/workshop-agent-memory_3-long-term-memory_6-facts-and-preferences-api.pdf,8,9
/Users/t6w652j6ft/Documents/GitHub/workshop-agent-memory-scripts/kg/data/workshop-agent-memory_3-long-term-memory_6-facts-and-preferences-api.pdf,9,10
/Users/t6w652j6ft/Documents/GitHub/workshop-agent-memory-scripts/kg/data/workshop-agent-memory_3-long-term-memory_6-facts-and-preferences-api.pdf,10,11
/Users/t6w652j6ft/Documents/GitHub/workshop-agent-memory-scripts/kg/data/workshop-agent-memory_3-long-term-memory_6-facts-and-preferences-api.pdf,11,12
/Users/t6w652j6ft/Documents/GitHub/workshop-agent-memory-scripts/kg/data/workshop-agent-memory_3-long-term-memory_6-facts-and-preferences-api.pdf,12,13
/Users/t6w652j6ft/Documents/GitHub/workshop-agent-memory-scripts/kg/data/workshop-agent-memory_3-long-term-memory_6-facts-and-preferences-api.pdf,13,14
/Users/t6w652j6ft/Documents/GitHub/workshop-agent-memory-scripts/kg/data/workshop-agent-memory_4-reasoning-memory_1-record-the-reasoning.pdf,0,1
/Users/t6w652j6ft/Documents/GitHub/workshop-agent-memory-scripts/kg/data/workshop-agent-memory_4-reasoning-memory_1-record-the-reasoning.pdf,1,2
/Users/t6w652j6ft/Documents/GitHub/workshop-agent-memory-scripts/kg/data/workshop-agent-memory_4-reasoning-memory_1-record-the-reasoning.pdf,2,3
/Users/t6w652j6ft/Documents/GitHub/workshop-agent-memory-scripts/kg/data/workshop-agent-memory_4-reasoning-memory_1-record-the-reasoning.pdf,3,4
/Users/t6w652j6ft/Documents/GitHub/workshop-agent-memory-scripts/kg/data/workshop-agent-memory_4-reasoning-memory_1-record-the-reasoning.pdf,4,5
/Users/t6w652j6ft/Documents/GitHub/workshop-agent-memory-scripts/kg/data/workshop-agent-memory_4-reasoning-memory_1-record-the-reasoning.pdf,5,6
/Users/t6w652j6ft/Documents/GitHub/workshop-agent-memory-scripts/kg/data/workshop-agent-memory_4-reasoning-memory_1-record-the-reasoning.pdf,6,7
/Users/t6w652j6ft/Documents/GitHub/workshop-agent-memory-scripts/kg/data/workshop-agent-memory_4-reasoning-memory_1-record-the-reasoning.pdf,7,8
/Users/t6w652j6ft/Documents/GitHub/workshop-agent-memory-scripts/kg/data/workshop-agent-memory_4-reasoning-memory_1-record-the-reasoning.pdf,8,9
/Users/t6w652j6ft/Documents/GitHub/workshop-agent-memory-scripts/kg/data/workshop-agent-memory_4-reasoning-memory_1-record-the-reasoning.pdf,9,10
/Users/t6w652j6ft/Documents/GitHub/workshop-agent-memory-scripts/kg/data/workshop-agent-memory_4-reasoning-memory_1-record-the-reasoning.pdf,10,11
/Users/t6w652j6ft/Documents/GitHub/workshop-agent-memory-scripts/kg/data/workshop-agent-memory_4-reasoning-memory_1-record-the-reasoning.pdf,11,12
/Users/t6w652j6ft/Documents/GitHub/workshop-agent-memory-scripts/kg/data/workshop-agent-memory_4-reasoning-memory_1-record-the-reasoning.pdf,12,13
/Users/t6w652j6ft/Documents/GitHub/workshop-agent-memory-scripts/kg/data/workshop-agent-memory_4-reasoning-memory_1-record-the-reasoning.pdf,13,14
/Users/t6w652j6ft/Documents/GitHub/workshop-agent-memory-scripts/kg/data/workshop-agent-memory_4-reasoning-memory_1-record-the-reasoning.pdf,14,15
/Users/t6w652j6ft/Documents/GitHub/workshop-agent-memory-scripts/kg/data/workshop-agent-memory_4-reasoning-memory_1-record-the-reasoning.pdf,15,16
/Users/t6w652j6ft/Documents/GitHub/workshop-agent-memory-scripts/kg/data/workshop-agent-memory_4-reasoning-memory_1-record-the-reasoning.pdf,16,17
/Users/t6w652j6ft/Documents/GitHub/workshop-agent-memory-scripts/kg/data/workshop-agent-memory_4-reasoning-memory_1-record-the-reasoning.pdf,17,18
/Users/t6w652j6ft/Documents/GitHub/workshop-agent-memory-scripts/kg/data/workshop-agent-memory_4-reasoning-memory_1-record-the-reasoning.pdf,18,19
/Users/t6w652j6ft/Documents/GitHub/workshop-agent-memory-scripts/kg/data/workshop-agent-memory_4-reasoning-memory_1-record-the-reasoning.pdf,19,20
/Users/t6w652j6ft/Documents/GitHub/workshop-agent-memory-scripts/kg/data/workshop-agent-memory_4-reasoning-memory_1-record-the-reasoning.pdf,20,21
/Users/t6w652j6ft/Documents/GitHub/workshop-agent-memory-scripts/kg/data/workshop-agent-memory_4-reasoning-memory_1-record-the-reasoning.pdf,21,22
/Users/t6w652j6ft/Documents/GitHub/workshop-agent-memory-scripts/kg/data/workshop-agent-memory_4-reasoning-memory_1-record-the-reasoning.pdf,22,23
/Users/t6w652j6ft/Documents/GitHub/workshop-agent-memory-scripts/kg/data/workshop-agent-memory_4-reasoning-memory_2-querying-traces.pdf,0,1
/Users/t6w652j6ft/Documents/GitHub/workshop-agent-memory-scripts/kg/data/workshop-agent-memory_4-reasoning-memory_2-querying-traces.pdf,1,2
/Users/t6w652j6ft/Documents/GitHub/workshop-agent-memory-scripts/kg/data/workshop-agent-memory_4-reasoning-memory_2-querying-traces.pdf,2,3
/Users/t6w652j6ft/Documents/GitHub/workshop-agent-memory-scripts/kg/data/workshop-agent-memory_4-reasoning-memory_2-querying-traces.pdf,3,4
/Users/t6w652j6ft/Documents/GitHub/workshop-agent-memory-scripts/kg/data/workshop-agent-memory_4-reasoning-memory_3-the-reasoning-api.pdf,0,1
/Users/t6w652j6ft/Documents/GitHub/workshop-agent-memory-scripts/kg/data/workshop-agent-memory_4-reasoning-memory_3-the-reasoning-api.pdf,1,2
/Users/t6w652j6ft/Documents/GitHub/workshop-agent-memory-scripts/kg/data/workshop-agent-memory_4-reasoning-memory_3-the-reasoning-api.pdf,2,3
/Users/t6w652j6ft/Documents/GitHub/workshop-agent-memory-scripts/kg/data/workshop-agent-memory_4-reasoning-memory_3-the-reasoning-api.pdf,3,4
/Users/t6w652j6ft/Documents/GitHub/workshop-agent-memory-scripts/kg/data/workshop-agent-memory_4-reasoning-memory_3-the-reasoning-api.pdf,4,5
/Users/t6w652j6ft/Documents/GitHub/workshop-agent-memory-scripts/kg/data/workshop-agent-memory_4-reasoning-memory_3-the-reasoning-api.pdf,5,6
/Users/t6w652j6ft/Documents/GitHub/workshop-agent-memory-scripts/kg/data/workshop-agent-memory_4-reasoning-memory_3-the-reasoning-api.pdf,6,7
/Users/t6w652j6ft/Documents/GitHub/workshop-agent-memory-scripts/kg/data/workshop-agent-memory_4-reasoning-memory_3-the-reasoning-api.pdf,7,8
/Users/t6w652j6ft/Documents/GitHub/workshop-agent-memory-scripts/kg/data/workshop-agent-memory_4-reasoning-memory_3-the-reasoning-api.pdf,8,9
/Users/t6w652j6ft/Documents/GitHub/workshop-agent-memory-scripts/kg/data/workshop-agent-memory_4-reasoning-memory_3-the-reasoning-api.pdf,9,10
/Users/t6w652j6ft/Documents/GitHub/workshop-agent-memory-scripts/kg/data/workshop-agent-memory_4-reasoning-memory_3-the-reasoning-api.pdf,10,11
/Users/t6w652j6ft/Documents/GitHub/workshop-agent-memory-scripts/kg/data/workshop-agent-memory_4-reasoning-memory_3-the-reasoning-api.pdf,11,12
/Users/t6w652j6ft/Documents/GitHub/workshop-agent-memory-scripts/kg/data/workshop-agent-memory_4-reasoning-memory_3-the-reasoning-api.pdf,12,13
/Users/t6w652j6ft/Documents/GitHub/workshop-agent-memory-scripts/kg/data/workshop-agent-memory_4-reasoning-memory_3-the-reasoning-api.pdf,13,14
/Users/t6w652j6ft/Documents/GitHub/workshop-agent-memory-scripts/kg/data/workshop-agent-memory_4-reasoning-memory_3-the-reasoning-api.pdf,14,15
/Users/t6w652j6ft/Documents/GitHub/workshop-agent-memory-scripts/kg/data/workshop-agent-memory_4-reasoning-memory_3-the-reasoning-api.pdf,15,16
/Users/t6w652j6ft/Documents/GitHub/workshop-agent-memory-scripts/kg/data/workshop-agent-memory_4-reasoning-memory_3-the-reasoning-api.pdf,16,17
/Users/t6w652j6ft/Documents/GitHub/workshop-agent-memory-scripts/kg/data/workshop-agent-memory_4-reasoning-memory_3-the-reasoning-api.pdf,17,18
/Users/t6w652j6ft/Documents/GitHub/workshop-agent-memory-scripts/kg/data/workshop-agent-memory_4-reasoning-memory_3-the-reasoning-api.pdf,18,19
/Users/t6w652j6ft/Documents/GitHub/workshop-agent-memory-scripts/kg/data/workshop-agent-memory_4-reasoning-memory_3-the-reasoning-api.pdf,19,20
/Users/t6w652j6ft/Documents/GitHub/workshop-agent-memory-scripts/kg/data/workshop-agent-memory_4-reasoning-memory_3-the-reasoning-api.pdf,20,21
/Users/t6w652j6ft/Documents/GitHub/workshop-agent-memory-scripts/kg/data/workshop-agent-memory_4-reasoning-memory_3-the-reasoning-api.pdf,21,22
/Users/t6w652j6ft/Documents/GitHub/workshop-agent-memory-scripts/kg/data/workshop-agent-memory_4-reasoning-memory_3-the-reasoning-api.pdf,22,23
/Users/t6w652j6ft/Documents/GitHub/workshop-agent-memory-scripts/kg/data/workshop-agent-memory_4-reasoning-memory_3-the-reasoning-api.pdf,23,24
/Users/t6w652j6ft/Documents/GitHub/workshop-agent-memory-scripts/kg/data/workshop-agent-memory_4-reasoning-memory_3-the-reasoning-api.pdf,24,25
/Users/t6w652j6ft/Documents/GitHub/workshop-agent-memory-scripts/kg/data/workshop-agent-memory_4-reasoning-memory_4-combined-context.pdf,0,1
/Users/t6w652j6ft/Documents/GitHub/workshop-agent-memory-scripts/kg/data/workshop-agent-memory_4-reasoning-memory_4-combined-context.pdf,1,2
/Users/t6w652j6ft/Documents/GitHub/workshop-agent-memory-scripts/kg/data/workshop-agent-memory_4-reasoning-memory_4-combined-context.pdf,2,3
/Users/t6w652j6ft/Documents/GitHub/workshop-agent-memory-scripts/kg/data/workshop-agent-memory_4-reasoning-memory_4-combined-context.pdf,3,4
/Users/t6w652j6ft/Documents/GitHub/workshop-agent-memory-scripts/kg/data/workshop-agent-memory_4-reasoning-memory_4-combined-context.pdf,4,5
/Users/t6w652j6ft/Documents/GitHub/workshop-agent-memory-scripts/kg/data/workshop-agent-memory_4-reasoning-memory_4-combined-context.pdf,5,6
/Users/t6w652j6ft/Documents/GitHub/workshop-agent-memory-scripts/kg/data/workshop-agent-memory_5-your-own-memory-tool_1-write-your-own-tool.pdf,0,1
/Users/t6w652j6ft/Documents/GitHub/workshop-agent-memory-scripts/kg/data/workshop-agent-memory_5-your-own-memory-tool_1-write-your-own-tool.pdf,1,2
/Users/t6w652j6ft/Documents/GitHub/workshop-agent-memory-scripts/kg/data/workshop-agent-memory_5-your-own-memory-tool_1-write-your-own-tool.pdf,2,3
/Users/t6w652j6ft/Documents/GitHub/workshop-agent-memory-scripts/kg/data/workshop-agent-memory_5-your-own-memory-tool_1-write-your-own-tool.pdf,3,4
/Users/t6w652j6ft/Documents/GitHub/workshop-agent-memory-scripts/kg/data/workshop-agent-memory_5-your-own-memory-tool_1-write-your-own-tool.pdf,4,5
/Users/t6w652j6ft/Documents/GitHub/workshop-agent-memory-scripts/kg/data/workshop-agent-memory_5-your-own-memory-tool_1-write-your-own-tool.pdf,5,6
/Users/t6w652j6ft/Documents/GitHub/workshop-agent-memory-scripts/kg/data/workshop-agent-memory_5-your-own-memory-tool_1-write-your-own-tool.pdf,6,7
/Users/t6w652j6ft/Documents/GitHub/workshop-agent-memory-scripts/kg/data/workshop-agent-memory_5-your-own-memory-tool_1-write-your-own-tool.pdf,7,8
/Users/t6w652j6ft/Documents/GitHub/workshop-agent-memory-scripts/kg/data/workshop-agent-memory_5-your-own-memory-tool_1-write-your-own-tool.pdf,8,9
/Users/t6w652j6ft/Documents/GitHub/workshop-agent-memory-scripts/kg/data/workshop-agent-memory_5-your-own-memory-tool_1-write-your-own-tool.pdf,9,10
/Users/t6w652j6ft/Documents/GitHub/workshop-agent-memory-scripts/kg/data/workshop-agent-memory_5-your-own-memory-tool_1-write-your-own-tool.pdf,10,11
/Users/t6w652j6ft/Documents/GitHub/workshop-agent-memory-scripts/kg/data/workshop-agent-memory_5-your-own-memory-tool_1-write-your-own-tool.pdf,11,12
/Users/t6w652j6ft/Documents/GitHub/workshop-agent-memory-scripts/kg/data/workshop-agent-memory_5-your-own-memory-tool_1-write-your-own-tool.pdf,12,13
/Users/t6w652j6ft/Documents/GitHub/workshop-agent-memory-scripts/kg/data/workshop-agent-memory_5-your-own-memory-tool_1-write-your-own-tool.pdf,13,14
/Users/t6w652j6ft/Documents/GitHub/workshop-agent-memory-scripts/kg/data/workshop-agent-memory_5-your-own-memory-tool_1-write-your-own-tool.pdf,14,15
/Users/t6w652j6ft/Documents/GitHub/workshop-agent-memory-scripts/kg/data/workshop-agent-memory_5-your-own-memory-tool_1-write-your-own-tool.pdf,15,16
/Users/t6w652j6ft/Documents/GitHub/workshop-agent-memory-scripts/kg/data/workshop-agent-memory_5-your-own-memory-tool_1-write-your-own-tool.pdf,16,17
/Users/t6w652j6ft/Documents/GitHub/workshop-agent-memory-scripts/kg/data/workshop-agent-memory_5-your-own-memory-tool_1-write-your-own-tool.pdf,17,18
/Users/t6w652j6ft/Documents/GitHub/workshop-agent-memory-scripts/kg/data/workshop-agent-memory_5-your-own-memory-tool_1-write-your-own-tool.pdf,18,19
/Users/t6w652j6ft/Documents/GitHub/workshop-agent-memory-scripts/kg/data/workshop-agent-memory_5-your-own-memory-tool_1-write-your-own-tool.pdf,19,20
/Users/t6w652j6ft/Documents/GitHub/workshop-agent-memory-scripts/kg/data/workshop-agent-memory_5-your-own-memory-tool_1-write-your-own-tool.pdf,20,21
/Users/t6w652j6ft/Documents/GitHub/workshop-agent-memory-scripts/kg/data/workshop-agent-memory_5-your-own-memory-tool_1-write-your-own-tool.pdf,21,22
/Users/t6w652j6ft/Documents/GitHub/workshop-agent-memory-scripts/kg/data/workshop-agent-memory_5-your-own-memory-tool_1-write-your-own-tool.pdf,22,23
/Users/t6w652j6ft/Documents/GitHub/workshop-agent-memory-scripts/kg/data/workshop-agent-memory_5-your-own-memory-tool_1-write-your-own-tool.pdf,23,24
/Users/t6w652j6ft/Documents/GitHub/workshop-agent-memory-scripts/kg/data/workshop-agent-memory_5-your-own-memory-tool_1-write-your-own-tool.pdf,24,25
/Users/t6w652j6ft/Documents/GitHub/workshop-agent-memory-scripts/kg/data/workshop-agent-memory_5-your-own-memory-tool_1-write-your-own-tool.pdf,25,26
/Users/t6w652j6ft/Documents/GitHub/workshop-agent-memory-scripts/kg/data/workshop-agent-memory_5-your-own-memory-tool_1-write-your-own-tool.pdf,26,27
/Users/t6w652j6ft/Documents/GitHub/workshop-agent-memory-scripts/kg/data/workshop-agent-memory_5-your-own-memory-tool_2-make-it-yours.pdf,0,1
/Users/t6w652j6ft/Documents/GitHub/workshop-agent-memory-scripts/kg/data/workshop-agent-memory_5-your-own-memory-tool_2-make-it-yours.pdf,1,2
/Users/t6w652j6ft/Documents/GitHub/workshop-agent-memory-scripts/kg/data/workshop-agent-memory_5-your-own-memory-tool_2-make-it-yours.pdf,2,3
/Users/t6w652j6ft/Documents/GitHub/workshop-genai/workshop-genai/data/genai-fundamentals_1-generative-ai_1-what-is-genai.pdf,0,1
/Users/t6w652j6ft/Documents/GitHub/workshop-genai/workshop-genai/data/genai-fundamentals_1-generative-ai_1-what-is-genai.pdf,1,2
/Users/t6w652j6ft/Documents/GitHub/workshop-genai/workshop-genai/data/genai-fundamentals_1-generative-ai_1-what-is-genai.pdf,2,3
/Users/t6w652j6ft/Documents/GitHub/workshop-genai/workshop-genai/data/genai-fundamentals_1-generative-ai_1-what-is-genai.pdf,3,4
/Users/t6w652j6ft/Documents/GitHub/workshop-genai/workshop-genai/data/genai-fundamentals_1-generative-ai_1-what-is-genai.pdf,4,5
/Users/t6w652j6ft/Documents/GitHub/workshop-genai/workshop-genai/data/genai-fundamentals_1-generative-ai_1-what-is-genai.pdf,5,6
/Users/t6w652j6ft/Documents/GitHub/workshop-genai/workshop-genai/data/genai-fundamentals_1-generative-ai_1-what-is-genai.pdf,6,7
/Users/t6w652j6ft/Documents/GitHub/workshop-genai/workshop-genai/data/genai-fundamentals_1-generative-ai_1-what-is-genai.pdf,7,8
/Users/t6w652j6ft/Documents/GitHub/workshop-genai/workshop-genai/data/genai-fundamentals_1-generative-ai_2-considerations.pdf,0,1
/Users/t6w652j6ft/Documents/GitHub/workshop-genai/workshop-genai/data/genai-fundamentals_1-generative-ai_2-considerations.pdf,1,2
/Users/t6w652j6ft/Documents/GitHub/workshop-genai/workshop-genai/data/genai-fundamentals_1-generative-ai_2-considerations.pdf,2,3
/Users/t6w652j6ft/Documents/GitHub/workshop-genai/workshop-genai/data/genai-fundamentals_1-generative-ai_2-considerations.pdf,3,4
/Users/t6w652j6ft/Documents/GitHub/workshop-genai/workshop-genai/data/genai-fundamentals_1-generative-ai_2-considerations.pdf,4,5
/Users/t6w652j6ft/Documents/GitHub/workshop-genai/workshop-genai/data/genai-fundamentals_1-generative-ai_2-considerations.pdf,5,6
/Users/t6w652j6ft/Documents/GitHub/workshop-genai/workshop-genai/data/genai-fundamentals_1-generative-ai_2-considerations.pdf,6,7
/Users/t6w652j6ft/Documents/GitHub/workshop-genai/workshop-genai/data/genai-fundamentals_1-generative-ai_2-considerations.pdf,7,8
/Users/t6w652j6ft/Documents/GitHub/workshop-genai/workshop-genai/data/genai-fundamentals_1-generative-ai_3-context.pdf,0,1
/Users/t6w652j6ft/Documents/GitHub/workshop-genai/workshop-genai/data/genai-fundamentals_1-generative-ai_3-context.pdf,1,2
/Users/t6w652j6ft/Documents/GitHub/workshop-genai/workshop-genai/data/genai-fundamentals_1-generative-ai_3-context.pdf,2,3
/Users/t6w652j6ft/Documents/GitHub/workshop-genai/workshop-genai/data/genai-fundamentals_1-generative-ai_3-context.pdf,3,4
/Users/t6w652j6ft/Documents/GitHub/workshop-genai/workshop-genai/data/genai-fundamentals_1-generative-ai_3-context.pdf,4,5
/Users/t6w652j6ft/Documents/GitHub/workshop-genai/workshop-genai/data/genai-fundamentals_2-rag_1-what-is-rag.pdf,0,1
/Users/t6w652j6ft/Documents/GitHub/workshop-genai/workshop-genai/data/genai-fundamentals_2-rag_1-what-is-rag.pdf,1,2
/Users/t6w652j6ft/Documents/GitHub/workshop-genai/workshop-genai/data/genai-fundamentals_2-rag_1-what-is-rag.pdf,2,3
/Users/t6w652j6ft/Documents/GitHub/workshop-genai/workshop-genai/data/genai-fundamentals_2-rag_1-what-is-rag.pdf,3,4
/Users/t6w652j6ft/Documents/GitHub/workshop-genai/workshop-genai/data/genai-fundamentals_2-rag_1-what-is-rag.pdf,4,5
/Users/t6w652j6ft/Documents/GitHub/workshop-genai/workshop-genai/data/genai-fundamentals_2-rag_1-what-is-rag.pdf,5,6
/Users/t6w652j6ft/Documents/GitHub/workshop-genai/workshop-genai/data/genai-fundamentals_2-rag_1-what-is-rag.pdf,6,7
/Users/t6w652j6ft/Documents/GitHub/workshop-genai/workshop-genai/data/genai-fundamentals_2-rag_1-what-is-rag.pdf,7,8
/Users/t6w652j6ft/Documents/GitHub/workshop-genai/workshop-genai/data/genai-fundamentals_2-rag_1-what-is-rag.pdf,8,9
/Users/t6w652j6ft/Documents/GitHub/workshop-genai/workshop-genai/data/genai-fundamentals_2-rag_1-what-is-rag.pdf,9,10
/Users/t6w652j6ft/Documents/GitHub/workshop-genai/workshop-genai/data/genai-fundamentals_2-rag_1-what-is-rag.pdf,10,11
/Users/t6w652j6ft/Documents/GitHub/workshop-genai/workshop-genai/data/genai-fundamentals_2-rag_2-vector-search.pdf,0,1
/Users/t6w652j6ft/Documents/GitHub/workshop-genai/workshop-genai/data/genai-fundamentals_2-rag_2-vector-search.pdf,1,2
/Users/t6w652j6ft/Documents/GitHub/workshop-genai/workshop-genai/data/genai-fundamentals_2-rag_2-vector-search.pdf,2,3
/Users/t6w652j6ft/Documents/GitHub/workshop-genai/workshop-genai/data/genai-fundamentals_2-rag_2-vector-search.pdf,3,4
/Users/t6w652j6ft/Documents/GitHub/workshop-genai/workshop-genai/data/genai-fundamentals_2-rag_2-vector-search.pdf,4,5
/Users/t6w652j6ft/Documents/GitHub/workshop-genai/workshop-genai/data/genai-fundamentals_2-rag_2-vector-search.pdf,5,6
/Users/t6w652j6ft/Documents/GitHub/workshop-genai/workshop-genai/data/genai-fundamentals_2-rag_2-vector-search.pdf,6,7
/Users/t6w652j6ft/Documents/GitHub/workshop-genai/workshop-genai/data/genai-fundamentals_2-rag_2-vector-search.pdf,7,8
/Users/t6w652j6ft/Documents/GitHub/workshop-genai/workshop-genai/data/genai-fundamentals_2-rag_2-vector-search.pdf,8,9
/Users/t6w652j6ft/Documents/GitHub/workshop-genai/workshop-genai/data/genai-fundamentals_2-rag_2-vector-search.pdf,9,10
/Users/t6w652j6ft/Documents/GitHub/workshop-genai/workshop-genai/data/genai-fundamentals_2-rag_2-vector-search.pdf,10,11
/Users/t6w652j6ft/Documents/GitHub/workshop-genai/workshop-genai/data/genai-fundamentals_2-rag_2-vector-search.pdf,11,12
/Users/t6w652j6ft/Documents/GitHub/workshop-genai/workshop-genai/data/genai-fundamentals_2-rag_2-vector-search.pdf,12,13
/Users/t6w652j6ft/Documents/GitHub/workshop-genai/workshop-genai/data/genai-fundamentals_2-rag_2-vector-search.pdf,13,14
/Users/t6w652j6ft/Documents/GitHub/workshop-genai/workshop-genai/data/genai-fundamentals_2-rag_2-vector-search.pdf,14,15
/Users/t6w652j6ft/Documents/GitHub/workshop-genai/workshop-genai/data/genai-fundamentals_2-rag_3-vector-index.pdf,0,1
/Users/t6w652j6ft/Documents/GitHub/workshop-genai/workshop-genai/data/genai-fundamentals_2-rag_3-vector-index.pdf,1,2
/Users/t6w652j6ft/Documents/GitHub/workshop-genai/workshop-genai/data/genai-fundamentals_2-rag_3-vector-index.pdf,2,3
/Users/t6w652j6ft/Documents/GitHub/workshop-genai/workshop-genai/data/genai-fundamentals_2-rag_3-vector-index.pdf,3,4
/Users/t6w652j6ft/Documents/GitHub/workshop-genai/workshop-genai/data/genai-fundamentals_2-rag_3-vector-index.pdf,4,5
/Users/t6w652j6ft/Documents/GitHub/workshop-genai/workshop-genai/data/genai-fundamentals_2-rag_3-vector-index.pdf,5,6
/Users/t6w652j6ft/Documents/GitHub/workshop-genai/workshop-genai/data/genai-fundamentals_2-rag_3-vector-index.pdf,6,7
/Users/t6w652j6ft/Documents/GitHub/workshop-genai/workshop-genai/data/genai-fundamentals_2-rag_3-vector-index.pdf,7,8
/Users/t6w652j6ft/Documents/GitHub/workshop-genai/workshop-genai/data/genai-fundamentals_2-rag_3-vector-index.pdf,8,9
/Users/t6w652j6ft/Documents/GitHub/workshop-genai/workshop-genai/data/genai-fundamentals_2-rag_3-vector-index.pdf,9,10
/Users/t6w652j6ft/Documents/GitHub/workshop-genai/workshop-genai/data/genai-fundamentals_2-rag_3-vector-index.pdf,10,11
/Users/t6w652j6ft/Documents/GitHub/workshop-genai/workshop-genai/data/genai-fundamentals_2-rag_3-vector-index.pdf,11,12
/Users/t6w652j6ft/Documents/GitHub/workshop-genai/workshop-genai/data/genai-fundamentals_2-rag_3-vector-index.pdf,12,13
/Users/t6w652j6ft/Documents/GitHub/workshop-genai/workshop-genai/data/genai-fundamentals_2-rag_3-vector-index.pdf,13,14
/Users/t6w652j6ft/Documents/GitHub/workshop-genai/workshop-genai/data/genai-fundamentals_2-rag_3-vector-index.pdf,14,15
/Users/t6w652j6ft/Documents/GitHub/workshop-genai/workshop-genai/data/genai-fundamentals_2-rag_3-vector-index.pdf,15,16
/Users/t6w652j6ft/Documents/GitHub/workshop-genai/workshop-genai/data/genai-fundamentals_2-rag_3-vector-index.pdf,16,17
/Users/t6w652j6ft/Documents/GitHub/workshop-genai/workshop-genai/data/genai-fundamentals_2-rag_3-vector-index.pdf,17,18
/Users/t6w652j6ft/Documents/GitHub/workshop-genai/workshop-genai/data/genai-fundamentals_2-rag_3-vector-index.pdf,18,19
/Users/t6w652j6ft/Documents/GitHub/workshop-genai/workshop-genai/data/genai-fundamentals_2-rag_4-graphrag.pdf,0,1
/Users/t6w652j6ft/Documents/GitHub/workshop-genai/workshop-genai/data/genai-fundamentals_2-rag_4-graphrag.pdf,1,2
/Users/t6w652j6ft/Documents/GitHub/workshop-genai/workshop-genai/data/genai-fundamentals_2-rag_4-graphrag.pdf,2,3
/Users/t6w652j6ft/Documents/GitHub/workshop-genai/workshop-genai/data/genai-fundamentals_2-rag_4-graphrag.pdf,3,4
/Users/t6w652j6ft/Documents/GitHub/workshop-genai/workshop-genai/data/genai-fundamentals_2-rag_4-graphrag.pdf,4,5
/Users/t6w652j6ft/Documents/GitHub/workshop-genai/workshop-genai/data/genai-fundamentals_2-rag_4-graphrag.pdf,5,6
/Users/t6w652j6ft/Documents/GitHub/workshop-genai/workshop-genai/data/genai-fundamentals_2-rag_4-graphrag.pdf,6,7
/Users/t6w652j6ft/Documents/GitHub/workshop-genai/workshop-genai/data/genai-fundamentals_2-rag_4-graphrag.pdf,7,8
/Users/t6w652j6ft/Documents/GitHub/workshop-genai/workshop-genai/data/genai-fundamentals_2-rag_4-graphrag.pdf,8,9
/Users/t6w652j6ft/Documents/GitHub/workshop-genai/workshop-genai/data/genai-fundamentals_2-rag_4-graphrag.pdf,9,10
/Users/t6w652j6ft/Documents/GitHub/workshop-genai/workshop-genai/data/genai-fundamentals_2-rag_4-graphrag.pdf,10,11
/Users/t6w652j6ft/Documents/GitHub/workshop-genai/workshop-genai/data/genai-fundamentals_2-rag_4-graphrag.pdf,11,12
/Users/t6w652j6ft/Documents/GitHub/workshop-genai/workshop-genai/data/genai-fundamentals_2-rag_4-graphrag.pdf,12,13
/Users/t6w652j6ft/Documents/GitHub/workshop-genai/workshop-genai/data/genai-fundamentals_2-rag_4-graphrag.pdf,13,14
/Users/t6w652j6ft/Documents/GitHub/workshop-genai/workshop-genai/data/genai-fundamentals_2-rag_4-graphrag.pdf,14,15
/Users/t6w652j6ft/Documents/GitHub/workshop-genai/workshop-genai/data/genai-fundamentals_3-knowledge-graphs_1-what-is-a-knowledge-graph.pdf,0,1
/Users/t6w652j6ft/Documents/GitHub/workshop-genai/workshop-genai/data/genai-fundamentals_3-knowledge-graphs_1-what-is-a-knowledge-graph.pdf,1,2
/Users/t6w652j6ft/Documents/GitHub/workshop-genai/workshop-genai/data/genai-fundamentals_3-knowledge-graphs_1-what-is-a-knowledge-graph.pdf,2,3
/Users/t6w652j6ft/Documents/GitHub/workshop-genai/workshop-genai/data/genai-fundamentals_3-knowledge-graphs_1-what-is-a-knowledge-graph.pdf,3,4
/Users/t6w652j6ft/Documents/GitHub/workshop-genai/workshop-genai/data/genai-fundamentals_3-knowledge-graphs_1-what-is-a-knowledge-graph.pdf,4,5
/Users/t6w652j6ft/Documents/GitHub/workshop-genai/workshop-genai/data/genai-fundamentals_3-knowledge-graphs_1-what-is-a-knowledge-graph.pdf,5,6
/Users/t6w652j6ft/Documents/GitHub/workshop-genai/workshop-genai/data/genai-fundamentals_3-knowledge-graphs_1-what-is-a-knowledge-graph.pdf,6,7
/Users/t6w652j6ft/Documents/GitHub/workshop-genai/workshop-genai/data/genai-fundamentals_3-knowledge-graphs_1-what-is-a-knowledge-graph.pdf,7,8
/Users/t6w652j6ft/Documents/GitHub/workshop-genai/workshop-genai/data/genai-fundamentals_3-knowledge-graphs_1-what-is-a-knowledge-graph.pdf,8,9
/Users/t6w652j6ft/Documents/GitHub/workshop-genai/workshop-genai/data/genai-fundamentals_3-knowledge-graphs_1-what-is-a-knowledge-graph.pdf,9,10
/Users/t6w652j6ft/Documents/GitHub/workshop-genai/workshop-genai/data/genai-fundamentals_3-knowledge-graphs_2-constructing-knowledge-graphs.pdf,0,1
/Users/t6w652j6ft/Documents/GitHub/workshop-genai/workshop-genai/data/genai-fundamentals_3-knowledge-graphs_2-constructing-knowledge-graphs.pdf,1,2
/Users/t6w652j6ft/Documents/GitHub/workshop-genai/workshop-genai/data/genai-fundamentals_3-knowledge-graphs_2-constructing-knowledge-graphs.pdf,2,3
/Users/t6w652j6ft/Documents/GitHub/workshop-genai/workshop-genai/data/genai-fundamentals_3-knowledge-graphs_2-constructing-knowledge-graphs.pdf,3,4
/Users/t6w652j6ft/Documents/GitHub/workshop-genai/workshop-genai/data/genai-fundamentals_3-knowledge-graphs_2-constructing-knowledge-graphs.pdf,4,5
/Users/t6w652j6ft/Documents/GitHub/workshop-genai/workshop-genai/data/genai-fundamentals_3-knowledge-graphs_2-constructing-knowledge-graphs.pdf,5,6
/Users/t6w652j6ft/Documents/GitHub/workshop-genai/workshop-genai/data/genai-fundamentals_3-knowledge-graphs_2-constructing-knowledge-graphs.pdf,6,7
/Users/t6w652j6ft/Documents/GitHub/workshop-genai/workshop-genai/data/genai-fundamentals_3-knowledge-graphs_2-constructing-knowledge-graphs.pdf,7,8
/Users/t6w652j6ft/Documents/GitHub/workshop-genai/workshop-genai/data/genai-fundamentals_3-knowledge-graphs_2-constructing-knowledge-graphs.pdf,8,9
/Users/t6w652j6ft/Documents/GitHub/workshop-genai/workshop-genai/data/genai-fundamentals_4-integrating-neo4j_1-neo4j-graphrag.pdf,0,1
/Users/t6w652j6ft/Documents/GitHub/workshop-genai/workshop-genai/data/genai-fundamentals_4-integrating-neo4j_1-neo4j-graphrag.pdf,1,2
/Users/t6w652j6ft/Documents/GitHub/workshop-genai/workshop-genai/data/genai-fundamentals_4-integrating-neo4j_1-neo4j-graphrag.pdf,2,3
/Users/t6w652j6ft/Documents/GitHub/workshop-genai/workshop-genai/data/genai-fundamentals_4-integrating-neo4j_1-neo4j-graphrag.pdf,3,4
/Users/t6w652j6ft/Documents/GitHub/workshop-genai/workshop-genai/data/genai-fundamentals_4-integrating-neo4j_1-neo4j-graphrag.pdf,4,5
/Users/t6w652j6ft/Documents/GitHub/workshop-genai/workshop-genai/data/genai-fundamentals_4-integrating-neo4j_1-neo4j-graphrag.pdf,5,6
/Users/t6w652j6ft/Documents/GitHub/workshop-genai/workshop-genai/data/genai-fundamentals_4-integrating-neo4j_1-neo4j-graphrag.pdf,6,7
/Users/t6w652j6ft/Documents/GitHub/workshop-genai/workshop-genai/data/genai-fundamentals_4-integrating-neo4j_2-vector-retriever.pdf,0,1
/Users/t6w652j6ft/Documents/GitHub/workshop-genai/workshop-genai/data/genai-fundamentals_4-integrating-neo4j_2-vector-retriever.pdf,1,2
/Users/t6w652j6ft/Documents/GitHub/workshop-genai/workshop-genai/data/genai-fundamentals_4-integrating-neo4j_2-vector-retriever.pdf,2,3
/Users/t6w652j6ft/Documents/GitHub/workshop-genai/workshop-genai/data/genai-fundamentals_4-integrating-neo4j_2-vector-retriever.pdf,3,4
/Users/t6w652j6ft/Documents/GitHub/workshop-genai/workshop-genai/data/genai-fundamentals_4-integrating-neo4j_2-vector-retriever.pdf,4,5
/Users/t6w652j6ft/Documents/GitHub/workshop-genai/workshop-genai/data/genai-fundamentals_4-integrating-neo4j_2-vector-retriever.pdf,5,6
/Users/t6w652j6ft/Documents/GitHub/workshop-genai/workshop-genai/data/genai-fundamentals_4-integrating-neo4j_2-vector-retriever.pdf,6,7
/Users/t6w652j6ft/Documents/GitHub/workshop-genai/workshop-genai/data/genai-fundamentals_4-integrating-neo4j_2-vector-retriever.pdf,7,8
/Users/t6w652j6ft/Documents/GitHub/workshop-genai/workshop-genai/data/genai-fundamentals_4-integrating-neo4j_2-vector-retriever.pdf,8,9
/Users/t6w652j6ft/Documents/GitHub/workshop-genai/workshop-genai/data/genai-fundamentals_4-integrating-neo4j_2-vector-retriever.pdf,9,10
/Users/t6w652j6ft/Documents/GitHub/workshop-genai/workshop-genai/data/genai-fundamentals_4-integrating-neo4j_2-vector-retriever.pdf,10,11
/Users/t6w652j6ft/Documents/GitHub/workshop-genai/workshop-genai/data/genai-fundamentals_4-integrating-neo4j_2-vector-retriever.pdf,11,12
/Users/t6w652j6ft/Documents/GitHub/workshop-genai/workshop-genai/data/genai-fundamentals_4-integrating-neo4j_3-rag.pdf,0,1
/Users/t6w652j6ft/Documents/GitHub/workshop-genai/workshop-genai/data/genai-fundamentals_4-integrating-neo4j_3-rag.pdf,1,2
/Users/t6w652j6ft/Documents/GitHub/workshop-genai/workshop-genai/data/genai-fundamentals_4-integrating-neo4j_3-rag.pdf,2,3
/Users/t6w652j6ft/Documents/GitHub/workshop-genai/workshop-genai/data/genai-fundamentals_4-integrating-neo4j_3-rag.pdf,3,4
/Users/t6w652j6ft/Documents/GitHub/workshop-genai/workshop-genai/data/genai-fundamentals_4-integrating-neo4j_3-rag.pdf,4,5
/Users/t6w652j6ft/Documents/GitHub/workshop-genai/workshop-genai/data/genai-fundamentals_4-integrating-neo4j_3-rag.pdf,5,6
/Users/t6w652j6ft/Documents/GitHub/workshop-genai/workshop-genai/data/genai-fundamentals_4-integrating-neo4j_3-rag.pdf,6,7
/Users/t6w652j6ft/Documents/GitHub/workshop-genai/workshop-genai/data/genai-fundamentals_4-integrating-neo4j_3-rag.pdf,7,8
/Users/t6w652j6ft/Documents/GitHub/workshop-genai/workshop-genai/data/genai-fundamentals_4-integrating-neo4j_3-rag.pdf,8,9
/Users/t6w652j6ft/Documents/GitHub/workshop-genai/workshop-genai/data/genai-fundamentals_4-integrating-neo4j_3-rag.pdf,9,10
/Users/t6w652j6ft/Documents/GitHub/workshop-genai/workshop-genai/data/genai-fundamentals_4-integrating-neo4j_4-vector-graph.pdf,0,1
/Users/t6w652j6ft/Documents/GitHub/workshop-genai/workshop-genai/data/genai-fundamentals_4-integrating-neo4j_4-vector-graph.pdf,1,2
/Users/t6w652j6ft/Documents/GitHub/workshop-genai/workshop-genai/data/genai-fundamentals_4-integrating-neo4j_4-vector-graph.pdf,2,3
/Users/t6w652j6ft/Documents/GitHub/workshop-genai/workshop-genai/data/genai-fundamentals_4-integrating-neo4j_4-vector-graph.pdf,3,4
/Users/t6w652j6ft/Documents/GitHub/workshop-genai/workshop-genai/data/genai-fundamentals_4-integrating-neo4j_4-vector-graph.pdf,4,5
/Users/t6w652j6ft/Documents/GitHub/workshop-genai/workshop-genai/data/genai-fundamentals_4-integrating-neo4j_4-vector-graph.pdf,5,6
/Users/t6w652j6ft/Documents/GitHub/workshop-genai/workshop-genai/data/genai-fundamentals_4-integrating-neo4j_4-vector-graph.pdf,6,7
/Users/t6w652j6ft/Documents/GitHub/workshop-genai/workshop-genai/data/genai-fundamentals_4-integrating-neo4j_4-vector-graph.pdf,7,8
/Users/t6w652j6ft/Documents/GitHub/workshop-genai/workshop-genai/data/genai-fundamentals_4-integrating-neo4j_4-vector-graph.pdf,8,9
/Users/t6w652j6ft/Documents/GitHub/workshop-genai/workshop-genai/data/genai-fundamentals_4-integrating-neo4j_4-vector-graph.pdf,9,10
/Users/t6w652j6ft/Documents/GitHub/workshop-genai/workshop-genai/data/genai-fundamentals_4-integrating-neo4j_5-text-to-cypher.pdf,0,1
/Users/t6w652j6ft/Documents/GitHub/workshop-genai/workshop-genai/data/genai-fundamentals_4-integrating-neo4j_5-text-to-cypher.pdf,1,2
/Users/t6w652j6ft/Documents/GitHub/workshop-genai/workshop-genai/data/genai-fundamentals_4-integrating-neo4j_5-text-to-cypher.pdf,2,3
/Users/t6w652j6ft/Documents/GitHub/workshop-genai/workshop-genai/data/genai-fundamentals_4-integrating-neo4j_5-text-to-cypher.pdf,3,4
/Users/t6w652j6ft/Documents/GitHub/workshop-genai/workshop-genai/data/genai-fundamentals_4-integrating-neo4j_5-text-to-cypher.pdf,4,5
/Users/t6w652j6ft/Documents/GitHub/workshop-genai/workshop-genai/data/genai-fundamentals_4-integrating-neo4j_5-text-to-cypher.pdf,5,6
/Users/t6w652j6ft/Documents/GitHub/workshop-genai/workshop-genai/data/genai-fundamentals_4-integrating-neo4j_5-text-to-cypher.pdf,6,7
/Users/t6w652j6ft/Documents/GitHub/workshop-genai/workshop-genai/data/genai-fundamentals_4-integrating-neo4j_5-text-to-cypher.pdf,7,8
/Users/t6w652j6ft/Documents/GitHub/workshop-genai/workshop-genai/data/genai-fundamentals_4-integrating-neo4j_5-text-to-cypher.pdf,8,9
/Users/t6w652j6ft/Documents/GitHub/workshop-genai/workshop-genai/data/genai-fundamentals_4-integrating-neo4j_5-text-to-cypher.pdf,9,10
/Users/t6w652j6ft/Documents/GitHub/workshop-genai/workshop-genai/data/genai-fundamentals_4-integrating-neo4j_5-text-to-cypher.pdf,10,11
/Users/t6w652j6ft/Documents/GitHub/workshop-genai/workshop-genai/data/genai-fundamentals_4-integrating-neo4j_5-text-to-cypher.pdf,11,12
/Users/t6w652j6ft/Documents/GitHub/workshop-genai/workshop-genai/data/genai-fundamentals_4-integrating-neo4j_5-text-to-cypher.pdf,12,13
/Users/t6w652j6ft/Documents/GitHub/workshop-genai/workshop-genai/data/genai-fundamentals_4-integrating-neo4j_5-text-to-cypher.pdf,13,14
/Users/t6w652j6ft/Documents/GitHub/workshop-genai/workshop-genai/data/genai-fundamentals_4-integrating-neo4j_6-frameworks.pdf,0,1
/Users/t6w652j6ft/Documents/GitHub/workshop-genai/workshop-genai/data/genai-fundamentals_4-integrating-neo4j_6-frameworks.pdf,1,2
/Users/t6w652j6ft/Documents/GitHub/workshop-genai/workshop-genai/data/genai-fundamentals_4-integrating-neo4j_6-frameworks.pdf,2,3
/Users/t6w652j6ft/Documents/GitHub/workshop-genai/workshop-genai/data/genai-fundamentals_4-integrating-neo4j_6-frameworks.pdf,3,4
/Users/t6w652j6ft/Documents/GitHub/workshop-genai/workshop-genai/data/genai-fundamentals_4-integrating-neo4j_6-frameworks.pdf,4,5
/Users/t6w652j6ft/Documents/GitHub/workshop-genai/workshop-genai/data/genai-fundamentals_4-integrating-neo4j_6-frameworks.pdf,5,6
